{"cameraMode":{"drawMode":0,"name":"Shaded","section":"Shading Mode"},"sceneLighting":true,"audioPlay":false,"sceneViewState":{"showFog":true,"showMaterialUpdate":false,"showSkybox":true,"showFlares":true,"showImageEffects":true,"showParticleSystems":true,"showVisualEffectGraphs":true,"m_FxEnabled":true},"in2DMode":false,"pivot":{"x":0.21000003814697267,"y":1.7700002193450928,"z":-1.7100000381469727},"rotation":{"x":0.1093050166964531,"y":-0.48949334025382998,"z":0.062004584819078448,"w":0.8629043102264404},"size":12.12435531616211,"orthographic":false}