{"cameraMode":{"drawMode":0,"name":"Shaded","section":"Shading Mode"},"sceneLighting":false,"audioPlay":false,"sceneViewState":{"showFog":true,"showMaterialUpdate":false,"showSkybox":false,"showFlares":true,"showImageEffects":true,"showParticleSystems":true,"showVisualEffectGraphs":true,"m_FxEnabled":true},"in2DMode":false,"pivot":{"x":0.42500001192092898,"y":0.10400000214576721,"z":0.47699999809265139},"rotation":{"x":-0.12367166578769684,"y":0.2808053493499756,"z":-0.036514557898044589,"w":-0.9510630369186401},"size":0.28722813725471499,"orthographic":false}